{"RandomForestClassifier": [0.001809835433959961, 0.0016636848449707031, 0.0016579627990722656, 0.0016438961029052734, 0.0016586780548095703, 0.0016396045684814453, 0.001628875732421875, 0.001634836196899414, 0.0016379356384277344, 0.0016283988952636719, 0.0016326904296875, 0.0016210079193115234, 0.0016558170318603516, 0.001659393310546875, 0.0016314983367919922, 0.0016491413116455078, 0.0016357898712158203, 0.001653909683227539, 0.001634359359741211, 0.0016605854034423828, 0.0016837120056152344, 0.0016853809356689453, 0.001676797866821289, 0.0016858577728271484, 0.0016965866088867188, 0.0016672611236572266, 0.0016753673553466797, 0.0016541481018066406, 0.0016515254974365234, 0.0016512870788574219, 0.0016477108001708984, 0.0016603469848632812, 0.0016527175903320312, 0.0016400814056396484, 0.0016715526580810547, 0.0016748905181884766, 0.0016477108001708984, 0.0016465187072753906, 0.0016322135925292969, 0.0016422271728515625, 0.0016477108001708984, 0.0016722679138183594, 0.001638174057006836, 0.0016396045684814453, 0.0018999576568603516, 0.0016732215881347656, 0.0016703605651855469, 0.001678466796875, 0.0016710758209228516, 0.0016553401947021484, 0.0016663074493408203, 0.0016469955444335938, 0.0016818046569824219, 0.0016503334045410156, 0.0016613006591796875, 0.0016710758209228516, 0.0016522407531738281, 0.0016589164733886719, 0.0016491413116455078, 0.0016636848449707031, 0.0016665458679199219, 0.0016481876373291016, 0.00167083740234375, 0.001678466796875, 0.0017368793487548828, 0.001661539077758789, 0.0016736984252929688, 0.001659393310546875, 0.00162506103515625, 0.0016376972198486328, 0.0016527175903320312, 0.0016481876373291016, 0.0016584396362304688, 0.0016338825225830078, 0.0016627311706542969, 0.0016446113586425781, 0.001678466796875, 0.0016624927520751953, 0.0016376972198486328, 0.0016491413116455078, 0.0016567707061767578, 0.0016429424285888672, 0.0016980171203613281, 0.0016472339630126953, 0.0016779899597167969, 0.0016751289367675781, 0.0016694068908691406, 0.0016765594482421875, 0.0016598701477050781, 0.0016677379608154297, 0.0016524791717529297, 0.0016510486602783203, 0.0016455650329589844, 0.0023157596588134766, 0.0016586780548095703, 0.0016422271728515625, 0.0016396045684814453, 0.001638174057006836, 0.0016505718231201172, 0.0016448497772216797], "SVC": [0.021279335021972656, 0.021877288818359375, 0.022192001342773438, 0.02228379249572754, 0.022491931915283203, 0.021632909774780273, 0.021830081939697266, 0.02186131477355957, 0.02186131477355957, 0.02185535430908203, 0.021944522857666016, 0.021999835968017578, 0.022064924240112305, 0.022059202194213867, 0.02206897735595703, 0.021992206573486328, 0.022063255310058594, 0.022172927856445312, 0.022223711013793945, 0.022207975387573242, 0.03641200065612793, 0.04222607612609863, 0.042264461517333984, 0.04227900505065918, 0.04232144355773926, 0.042333126068115234, 0.032979726791381836, 0.022372007369995117, 0.022341489791870117, 0.022299528121948242, 0.02232813835144043, 0.022339582443237305, 0.02229022979736328, 0.022365331649780273, 0.022381067276000977, 0.02229022979736328, 0.022293806076049805, 0.022297382354736328, 0.022347688674926758, 0.0223388671875, 0.022362232208251953, 0.022310733795166016, 0.02237844467163086, 0.02231001853942871, 0.022431135177612305, 0.022383689880371094, 0.022385597229003906, 0.022388458251953125, 0.02238297462463379, 0.022405385971069336, 0.022373676300048828, 0.022362709045410156, 0.022339820861816406, 0.022372722625732422, 0.022370338439941406, 0.022380590438842773, 0.02233600616455078, 0.02237415313720703, 0.02238178253173828, 0.02239990234375, 0.022365808486938477, 0.022386550903320312, 0.022410869598388672, 0.042410850524902344, 0.0383756160736084, 0.042380571365356445, 0.04236865043640137, 0.022368431091308594, 0.022423982620239258, 0.02240896224975586, 0.022365808486938477, 0.022409915924072266, 0.022405624389648438, 0.022371292114257812, 0.022350788116455078, 0.02234673500061035, 0.02241039276123047, 0.022345542907714844, 0.022403717041015625, 0.022348642349243164, 0.02240467071533203, 0.022402048110961914, 0.022419214248657227, 0.022353172302246094, 0.022467851638793945, 0.02241230010986328, 0.02241659164428711, 0.022441387176513672, 0.02241039276123047, 0.02243661880493164, 0.022417306900024414, 0.02242732048034668, 0.022417783737182617, 0.022376537322998047, 0.022365570068359375, 0.022350072860717773, 0.02234959602355957, 0.02234649658203125, 0.02243781089782715, 0.022414684295654297], "DecisionTreeClassifier": [0.0006113052368164062, 0.0006344318389892578, 0.0006299018859863281, 0.0006127357482910156, 0.0006213188171386719, 0.0006082057952880859, 0.0006246566772460938, 0.0006084442138671875, 0.0006167888641357422, 0.0006177425384521484, 0.0006024837493896484, 0.0006124973297119141, 0.0006258487701416016, 0.0006198883056640625, 0.0006196498870849609, 0.0006117820739746094, 0.0006113052368164062, 0.0006122589111328125, 0.0006136894226074219, 0.0006349086761474609, 0.0006256103515625, 0.0006194114685058594, 0.0006875991821289062, 0.0006368160247802734, 0.0006251335144042969, 0.0006322860717773438, 0.0006339550018310547, 0.0006232261657714844, 0.0006186962127685547, 0.0006194114685058594, 0.0006098747253417969, 0.0006105899810791016, 0.0006082057952880859, 0.0006380081176757812, 0.0006105899810791016, 0.0006039142608642578, 0.0006022453308105469, 0.0005991458892822266, 0.0006036758422851562, 0.0006182193756103516, 0.0006115436553955078, 0.0006015300750732422, 0.0005960464477539062, 0.0005965232849121094, 0.0006575584411621094, 0.0006225109100341797, 0.0006115436553955078, 0.0006282329559326172, 0.0006246566772460938, 0.0006165504455566406, 0.0006117820739746094, 0.0006015300750732422, 0.00061798095703125, 0.0006077289581298828, 0.0006024837493896484, 0.0006079673767089844, 0.000606536865234375, 0.0006186962127685547, 0.0006127357482910156, 0.000606536865234375, 0.0006113052368164062, 0.0006053447723388672, 0.0006132125854492188, 0.0006213188171386719, 0.0006129741668701172, 0.0006611347198486328, 0.0005979537963867188, 0.0005927085876464844, 0.0005869865417480469, 0.0006122589111328125, 0.0006113052368164062, 0.0005967617034912109, 0.0006101131439208984, 0.0006082057952880859, 0.0006015300750732422, 0.0006144046783447266, 0.0006012916564941406, 0.0005927085876464844, 0.0005977153778076172, 0.0005979537963867188, 0.0005972385406494141, 0.0006084442138671875, 0.0006058216094970703, 0.0005974769592285156, 0.0006339550018310547, 0.0006196498870849609, 0.0006132125854492188, 0.0006067752838134766, 0.0005986690521240234, 0.0006220340728759766, 0.000614166259765625, 0.0006024837493896484, 0.0006058216094970703, 0.0006051063537597656, 0.0006062984466552734, 0.0006039142608642578, 0.0005953311920166016, 0.0005946159362792969, 0.0005927085876464844, 0.0005979537963867188],